object_location,image_small,image_thumb
/objects/AlbergoItalia_StoryMapJS.png,/objects/small/albergoitalia_storymapjs_sm.jpg,/objects/thumbs/albergoitalia_storymapjs_th.jpg
/objects/Italy_space.jpeg,/objects/small/italy_space_sm.jpg,/objects/thumbs/italy_space_th.jpg
/objects/Mafiamovie_Eric_Will.mp3,,
/objects/Memecherubini.jpeg,/objects/small/memecherubini_sm.jpg,/objects/thumbs/memecherubini_th.jpg
/objects/Memedavidmammoni.jpg,/objects/small/memedavidmammoni_sm.jpg,/objects/thumbs/memedavidmammoni_th.jpg
/objects/Memeultimacena.jpg,/objects/small/memeultimacena_sm.jpg,/objects/thumbs/memeultimacena_th.jpg
/objects/TBM_nevergiveup.jpeg,/objects/small/tbm_nevergiveup_sm.jpg,/objects/thumbs/tbm_nevergiveup_th.jpg
/objects/Vita_StoryMapJS.png,/objects/small/vita_storymapjs_sm.jpg,/objects/thumbs/vita_storymapjs_th.jpg
/objects/ZerocalcareG8.jpg,/objects/small/zerocalcareg8_sm.jpg,/objects/thumbs/zerocalcareg8_th.jpg
/objects/demo_001.jpg,/objects/small/demo_001_sm.jpg,/objects/thumbs/demo_001_th.jpg
/objects/demo_002.pdf,/objects/small/demo_002_sm.jpg,/objects/thumbs/demo_002_th.jpg
/objects/demo_003.mp3,,
/objects/demo_004.jpg,/objects/small/demo_004_sm.jpg,/objects/thumbs/demo_004_th.jpg
/objects/demo_005.txt,,
/objects/demo_012.md,,
/objects/hells_half_theta.jpg,/objects/small/hells_half_theta_sm.jpg,/objects/thumbs/hells_half_theta_th.jpg
/objects/hughes_article.png,/objects/small/hughes_article_sm.jpg,/objects/thumbs/hughes_article_th.jpg
/objects/littlerebelpage001.pdf,/objects/small/littlerebelpage001_sm.jpg,/objects/thumbs/littlerebelpage001_th.jpg
/objects/littlerebelpage002.pdf,/objects/small/littlerebelpage002_sm.jpg,/objects/thumbs/littlerebelpage002_th.jpg
/objects/littlerebelpage003.pdf,/objects/small/littlerebelpage003_sm.jpg,/objects/thumbs/littlerebelpage003_th.jpg
/objects/littlerebelpage004.pdf,/objects/small/littlerebelpage004_sm.jpg,/objects/thumbs/littlerebelpage004_th.jpg
/objects/littlerebelpage005.pdf,/objects/small/littlerebelpage005_sm.jpg,/objects/thumbs/littlerebelpage005_th.jpg
/objects/littlerebelpage006.pdf,/objects/small/littlerebelpage006_sm.jpg,/objects/thumbs/littlerebelpage006_th.jpg
/objects/littlerebelpage007.pdf,/objects/small/littlerebelpage007_sm.jpg,/objects/thumbs/littlerebelpage007_th.jpg
/objects/littlerebelpage008.pdf,/objects/small/littlerebelpage008_sm.jpg,/objects/thumbs/littlerebelpage008_th.jpg
/objects/littlerebelpage009.pdf,/objects/small/littlerebelpage009_sm.jpg,/objects/thumbs/littlerebelpage009_th.jpg
/objects/littlerebelpage010.pdf,/objects/small/littlerebelpage010_sm.jpg,/objects/thumbs/littlerebelpage010_th.jpg
/objects/littlerebelpage011.pdf,/objects/small/littlerebelpage011_sm.jpg,/objects/thumbs/littlerebelpage011_th.jpg
/objects/littlerebelpage012.pdf,/objects/small/littlerebelpage012_sm.jpg,/objects/thumbs/littlerebelpage012_th.jpg
/objects/littlerebelpage013.pdf,/objects/small/littlerebelpage013_sm.jpg,/objects/thumbs/littlerebelpage013_th.jpg
/objects/littlerebelpage014.pdf,/objects/small/littlerebelpage014_sm.jpg,/objects/thumbs/littlerebelpage014_th.jpg
/objects/memebambino.jpg,/objects/small/memebambino_sm.jpg,/objects/thumbs/memebambino_th.jpg
/objects/memeeileen.jpg,/objects/small/memeeileen_sm.jpg,/objects/thumbs/memeeileen_th.jpg
/objects/mememonnalisa.jpg,/objects/small/mememonnalisa_sm.jpg,/objects/thumbs/mememonnalisa_th.jpg
/objects/memevenere.jpeg,/objects/small/memevenere_sm.jpg,/objects/thumbs/memevenere_th.jpg
/objects/tbm_p01.pdf,/objects/small/tbm_p01_sm.jpg,/objects/thumbs/tbm_p01_th.jpg
/objects/tbm_p02.pdf,/objects/small/tbm_p02_sm.jpg,/objects/thumbs/tbm_p02_th.jpg
/objects/tbm_p03.pdf,/objects/small/tbm_p03_sm.jpg,/objects/thumbs/tbm_p03_th.jpg
/objects/tbm_p04.pdf,/objects/small/tbm_p04_sm.jpg,/objects/thumbs/tbm_p04_th.jpg
/objects/tbm_p05.pdf,/objects/small/tbm_p05_sm.jpg,/objects/thumbs/tbm_p05_th.jpg
/objects/tbm_p06.pdf,/objects/small/tbm_p06_sm.jpg,/objects/thumbs/tbm_p06_th.jpg
/objects/tbm_p07.pdf,/objects/small/tbm_p07_sm.jpg,/objects/thumbs/tbm_p07_th.jpg
/objects/tbm_p08.pdf,/objects/small/tbm_p08_sm.jpg,/objects/thumbs/tbm_p08_th.jpg
/objects/tbm_p09.pdf,/objects/small/tbm_p09_sm.jpg,/objects/thumbs/tbm_p09_th.jpg
/objects/tbm_p10.pdf,/objects/small/tbm_p10_sm.jpg,/objects/thumbs/tbm_p10_th.jpg
/objects/tbm_p11.pdf,/objects/small/tbm_p11_sm.jpg,/objects/thumbs/tbm_p11_th.jpg
/objects/tbm_p12.pdf,/objects/small/tbm_p12_sm.jpg,/objects/thumbs/tbm_p12_th.jpg
/objects/tbm_p13.pdf,/objects/small/tbm_p13_sm.jpg,/objects/thumbs/tbm_p13_th.jpg
/objects/tbm_p14.pdf,/objects/small/tbm_p14_sm.jpg,/objects/thumbs/tbm_p14_th.jpg
